{"cameraMode":{"drawMode":0,"name":"Shaded","section":"Shading Mode"},"sceneLighting":true,"audioPlay":false,"sceneViewState":{"showFog":true,"showMaterialUpdate":false,"showSkybox":true,"showFlares":true,"showImageEffects":true,"showParticleSystems":true},"in2DMode":false,"pivot":{"x":-9.28144645690918,"y":11.305032730102539,"z":-0.7259337902069092},"rotation":{"x":-0.3810393214225769,"y":-0.5615560412406921,"z":0.3248141407966614,"w":-0.6587660312652588},"size":6.901689052581787,"orthographic":false}